"id","url","notes","scientific_name","common_name","description","user_login","observed_on","license","family_name","adm0_a3","continent"
4480906,"http://www.inaturalist.org/observations/4480906","","Lasiurus borealis","Eastern Red Bat","On sidewalk next to office building w/ large windows.  Unknown if alive -- I did not try to disturb.  A herring gull showed great interest in it.","schoenitz","2016-11-02","CC0","Vespertilionidae","USA","North America"
12539414,"https://www.inaturalist.org/observations/12539414","","Lasiurus borealis","Eastern Red Bat","West side of East building at the Baltimore convention center facing Sharp Street","jtmerryman","2018-05-17","CC-BY-NC","Vespertilionidae","USA","North America"
22290554,"https://www.inaturalist.org/observations/22290554","","Lasiurus borealis","Eastern Red Bat","window strike","schoenitz","2019-04-10","CC0","Vespertilionidae","USA","North America"
22889158,"https://www.inaturalist.org/observations/22889158","","Lasiurus borealis","Eastern Red Bat","","aaron_fool","2019-04-21","CC-BY-NC","Vespertilionidae","USA","North America"
24611454,"https://www.inaturalist.org/observations/24611454","","Eptesicus fuscus","Big Brown Bat","Was on ground at base of window. Ears were moving. As soon as I tried to scoop up with net, bat was able to spread wings and fly off to Arbor Vitae trees","winature","2019-05-05","CC-BY-NC","Vespertilionidae","USA","North America"
25351322,"https://www.inaturalist.org/observations/25351322","at base of building","Lasiurus borealis","Eastern Red Bat","","briantinker","2019-04-21","CC-BY-NC","Vespertilionidae","USA","North America"
25351331,"https://www.inaturalist.org/observations/25351331","grounded","Lasionycteris noctivagans","Silver-haired Bat","","briantinker","2018-10-06","CC-BY-NC","Vespertilionidae","USA","North America"
25351339,"https://www.inaturalist.org/observations/25351339","covered in dew","Lasionycteris noctivagans","Silver-haired Bat","","briantinker","2017-11-05","CC-BY-NC","Vespertilionidae","USA","North America"
25384316,"https://www.inaturalist.org/observations/25384316","clinging low on building; tagged with ""Lights out cleveland""","Lasiurus borealis","Eastern Red Bat","","briantinker","2019-05-19","CC-BY-NC","Vespertilionidae","USA","North America"
25666109,"https://www.inaturalist.org/observations/25666109","","Lasiurus borealis","Eastern Red Bat","Bank of america east facing window, dead. Alcove by the revolving door. ","cdools11","2019-05-24","CC-BY-NC","Vespertilionidae","USA","North America"
31464831,"https://www.inaturalist.org/observations/31464831","","Lasiurus borealis","Eastern Red Bat","","briantinker","2019-08-25","CC-BY-NC","Vespertilionidae","USA","North America"
32016717,"https://www.inaturalist.org/observations/32016717","","Lasiurus borealis","Eastern Red Bat","","briantinker","43710","CC-BY-NC","Vespertilionidae","USA","North America"
32864568,"https://www.inaturalist.org/observations/32864568","","Vespertilionidae","Evening Bats","Potentially a window strike (at the base of a huge window that kills a lot of birds). It took off and flew away shortly after I took the photo.","teresap","2019-09-05","CC-BY-NC","Vespertilionidae","USA","North America"
33304303,"https://www.inaturalist.org/observations/33304303","","Lasiurus borealis","Eastern Red Bat","Window collision rescue, N window","birddad","43732","CC-BY-NC","Vespertilionidae","USA","North America"
35061860,"https://www.inaturalist.org/observations/35061860","","Tadarida brasiliensis","Mexican Free-tailed Bat","Deceased Bat (from window strike) found on the sidewalk on the east side of the building at 611 S. Congress Ave., Austin, TX","birdiewhite","43767","CC-BY-NC","Molossidae","USA","North America"
35638291,"https://www.inaturalist.org/observations/35638291","","Lasiurus borealis","Eastern Red Bat","1 W Pratt, Sharp St alcove, W window collision rescue","birddad","43782","CC-BY-NC","Vespertilionidae","USA","North America"
35638341,"https://www.inaturalist.org/observations/35638341","Next to woodcock","Lasiurus borealis","Eastern Red Bat","101 W Lombard, lower level stairwell, NW corner, N window collision rescue","birddad","43782","CC-BY-NC","Vespertilionidae","USA","North America"
37226037,"https://www.inaturalist.org/observations/37226037","","Lasiurus borealis","Eastern Red Bat","","aaron_fool","43832","CC-BY-NC","Vespertilionidae","USA","North America"
37672214,"https://www.inaturalist.org/observations/37672214","","Lasionycteris noctivagans","Silver-haired Bat","","Bird-window collision Umbrella","43846","CC-BY-NC","Vespertilionidae","USA","North America"
59667152,"https://www.inaturalist.org/observations/59667152","","Eptesicus fuscus","Big Brown Bat","","Bird-window collision Umbrella","44089","CC-BY-NC","Vespertilionidae","USA","North America"
60851757,"https://www.inaturalist.org/observations/60851757","","Lasionycteris noctivagans","Silver-haired Bat","","briantinker","44100","CC-BY-NC","Vespertilionidae","USA","North America"
61801913,"https://www.inaturalist.org/observations/61801913","","Choeronycteris mexicana","Long-tongued Bat","Apparent window strike.","nickpulcinella","2020-09-28","CC-BY-NC","Phyllostomidae","USA","North America"
63020899,"https://www.inaturalist.org/observations/63020899","","Nycticeius humeralis","Evening Bat","About 3â€ in length. Found during Lights Out bird collision survey. Bat was on sidewalk, panting and pressed up against the wall. Team corralled it into bag (it crawled in) and bat was taken to rehabilitation. Bat was periodically making sounds and clicks from inside the bag.","jumiang","44117","CC-BY-NC","Vespertilionidae","USA","North America"
64033686,"https://www.inaturalist.org/observations/64033686","","Lasiurus borealis","Eastern Red Bat","Live rescue","aaron_fool","44137","CC-BY-NC","Vespertilionidae","USA","North America"
64033711,"https://www.inaturalist.org/observations/64033711","","Lasiurus borealis","Eastern Red Bat","Live rescue","aaron_fool","44137","CC-BY-NC","Vespertilionidae","USA","North America"
64169263,"https://www.inaturalist.org/observations/64169263","","Lasiurus borealis","Eastern Red Bat","Live rescue","aaron_fool","44139","CC-BY-NC","Vespertilionidae","USA","North America"
64172244,"https://www.inaturalist.org/observations/64172244","","Lasiurus borealis","Eastern Red Bat","","aaron_fool","44139","CC-BY-NC","Vespertilionidae","USA","North America"
64232706,"https://www.inaturalist.org/observations/64232706","","Lasiurus borealis","Eastern Red Bat","100 South Charles St. courtyard main entrance above the revolving door","jtmerryman","44140","CC-BY-NC","Vespertilionidae","USA","North America"
64289240,"https://www.inaturalist.org/observations/64289240","","Lasionycteris noctivagans","Silver-haired Bat","","Bird-window collision Umbrella","44141","CC-BY-NC","Vespertilionidae","USA","North America"
72985801,"https://www.inaturalist.org/observations/72985801","","Vespertilionidae","Evening Bats","","v416srz","44291","CC-BY-NC","Vespertilionidae","CHN","Asia"
73336439,"https://www.inaturalist.org/observations/73336439","","Lasiurus borealis","Eastern Red Bat","Live rescue","aaron_fool","44294","CC-BY-NC","Vespertilionidae","USA","North America"
73336519,"https://www.inaturalist.org/observations/73336519","","Lasiurus borealis","Eastern Red Bat","Live rescue that happily flapped away on its own","aaron_fool","44294","CC-BY-NC","Vespertilionidae","USA","North America"
73502704,"https://www.inaturalist.org/observations/73502704","","Lasiurus borealis","Eastern Red Bat","","lindsayjacks","44296","CC-BY-NC","Vespertilionidae","USA","North America"
74234125,"https://www.inaturalist.org/observations/74234125","","Lasiurus borealis","Eastern Red Bat","36 degrees F, cold, was able to safely move alive bat to nearby tree in sun. Saw it fly off after 30 minutes on tree and attempt to relocate to more secluded area","winature","44303","CC-BY-NC","Vespertilionidae","USA","North America"
74498505,"https://www.inaturalist.org/observations/74498505","","Lasiurus borealis","Eastern Red Bat","Very small bat... possibly an eastern red bat but not definiteâ€¦ Found at Eastern main entrance of the Baltimore convention Center","jtmerryman","44305","CC-BY-NC","Vespertilionidae","USA","North America"
76907807,"https://www.inaturalist.org/observations/76907807","","Lasiurus borealis","Eastern Red Bat","Helped from being grounded and flew off","aaron_fool","44319","CC-BY-NC","Vespertilionidae","USA","North America"
78560747,"https://www.inaturalist.org/observations/78560747","","Lasiurus borealis","Eastern Red Bat","","aaron_fool","44329","CC-BY-NC","Vespertilionidae","USA","North America"
79158828,"https://www.inaturalist.org/observations/79158828","","Eptesicus fuscus","Big Brown Bat","","fkulzer","2021-05-12","CC-BY-NC","Vespertilionidae","USA","North America"
80122599,"https://www.inaturalist.org/observations/80122599","","Lasiurus borealis","Eastern Red Bat","Found stunned on sidewalk about a foot from building.  When finder returned to try to get the bat into a box the bat flew away.","cjpope","44340","CC-BY-NC","Vespertilionidae","USA","North America"
80356711,"https://www.inaturalist.org/observations/80356711","","Lasiurus borealis","Eastern Red Bat","likely window collision? Brookfield Place. 

(did not touch bat -- covered with aerated container while wearing gloves. transferred bat to bat rehabber.)","cmcrae","44341","CC-BY-NC","Vespertilionidae",NA,NA
91072744,"https://www.inaturalist.org/observations/91072744","","Nyctophilus","Australian Long-eared Bats","Ran into the glass window and was a bit groggy, flew off after a while.","jarodcos","44236","CC-BY-NC","Vespertilionidae","AUS","Oceania"
91676101,"https://www.inaturalist.org/observations/91676101","","Vespertilionidae","Evening Bats","Presumed window strike.","samfellows566","2021-08-18","CC-BY-NC","Vespertilionidae","USA","North America"
93043962,"https://www.inaturalist.org/observations/93043962","","Vespertilionidae","Evening Bats","appeared to be stunned by impact with the window, recovered and flew off in ~30 minutes","basil-williams","44430","CC-BY-NC","Vespertilionidae","USA","North America"
95948611,"https://www.inaturalist.org/observations/95948611","","Eptesicus fuscus","Big Brown Bat","Live rescue","aaron_fool","44463","CC-BY-NC","Vespertilionidae","USA","North America"
96223013,"https://www.inaturalist.org/observations/96223013","Likely due to location","Perimyotis subflavus","Tricolored Bat","Did not collect","aaron_fool","44465","CC-BY-NC","Vespertilionidae","USA","North America"
96768640,"https://www.inaturalist.org/observations/96768640","","Lasiurus borealis","Eastern Red Bat","Live rescue","aaron_fool","44470","CC-BY-NC","Vespertilionidae","USA","North America"
97235162,"https://www.inaturalist.org/observations/97235162","","Vespertilioninae","Vesper Bats","Dead, Likely building strike.","sacha","2021-10-05","CC-BY-NC","Vespertilionidae","USA","North America"
97239914,"https://www.inaturalist.org/observations/97239914","","Vespertilioninae","Vesper Bats","Probable window strike","sacha","2021-10-05","CC-BY-NC","Vespertilionidae","USA","North America"
97877006,"https://www.inaturalist.org/observations/97877006","","Eptesicus fuscus","Big Brown Bat","","lindsayjacks","44480","CC-BY-NC","Vespertilionidae","USA","North America"
100307762,"https://www.inaturalist.org/observations/100307762","","Lasiurus borealis","Eastern Red Bat","Live rescue","aaron_fool","44505","CC-BY-NC","Vespertilionidae","USA","North America"
100798390,"https://www.inaturalist.org/observations/100798390","","Myotis","Mouse-eared Bats","Bat-window-collisions","bcarlson4","44417","CC-BY-NC","Vespertilionidae","USA","North America"
100798852,"https://www.inaturalist.org/observations/100798852","","Myotis","Mouse-eared Bats","Bat-window-collisions","bcarlson4","2021-08-09","CC-BY-NC","Vespertilionidae","USA","North America"
102459818,"https://www.inaturalist.org/observations/102459818","","Chiroptera","Bats","Bat - possibly Yuma Myotis - golden brown. It's body was about 3-4"" long. It was on the sidewalk,  looking stunned, then took off and flew away.","yver65","44304","CC-BY-NC","","USA","North America"
109486206,"https://www.inaturalist.org/observations/109486206","","Eptesicus fuscus","Big Brown Bat","Seemingly stunned from collision, students found it. Seen climbing the tree shortly after. No direct contact.","billryerson","44645","CC-BY-NC","Vespertilionidae","USA","North America"
111291095,"https://www.inaturalist.org/observations/111291095","","Lasiurus borealis","Eastern Red Bat","Deceased next to Baltimore Convention Center","wendyinmd","44664","CC-BY-NC","Vespertilionidae","USA","North America"
112259759,"https://www.inaturalist.org/observations/112259759","","Yangochiroptera","","Hit window.","fhjoyce","44671","CC-BY-NC","","CRI","North America"
112509334,"https://www.inaturalist.org/observations/112509334","","Artibeus jamaicensis","Jamaican Fruit-eating Bat","The bat hit a window, after a while on the floor it was able to fly away","citizenstuart","44664","CC-BY-NC-SA","Phyllostomidae","MEX","North America"
112964491,"https://www.inaturalist.org/observations/112964491","","Vespertilionidae","Evening Bats","Lights Out Dallas find. We found these two bats huddled on the ground. Not sure if they were, injured, sick or just cold. ","shieldsscout","44677","CC-BY-NC","Vespertilionidae","USA","North America"
117396173,"https://www.inaturalist.org/observations/117396173","","Lasionycteris noctivagans","Silver-haired Bat","Found this little bat lying completely motionless (but alive) on a busy sidewalk on my way to work this morning. At a loss for who to contact (and pressed for time), I reached out to Chicago Bird Collision Monitors, figuring they could at least point me in the right direction. Fortunately, they  said theyâ€™d send someone out.","roachbait","44697","CC-BY-NC","Vespertilionidae","USA","North America"
131693823,"https://www.inaturalist.org/observations/131693823","","Pipistrellus","Pipistrelles","Head and body about 1.5 inches, weight say up to 10g.  Concussed by knocking against glass at Colombo 7.  Survived, placed on tree to apparently fly off safely.  Local name: kirivowla.  ID as Pipistrellus tenuis ","lanka_wildlife","44793","CC-BY-NC","Vespertilionidae",NA,NA
132739274,"https://www.inaturalist.org/observations/132739274","","Vespertilionidae","Evening Bats","Alberta Bats suggested may be Silver-haired juvenile.  Was being predated upon by magpies. Likely confused at glass building and ended up vulnerable to predation.","kathjohnson","44801","CC-BY-NC","Vespertilionidae","CAN","North America"
132805285,"https://www.inaturalist.org/observations/132805285","","Lasionycteris noctivagans","Silver-haired Bat","not a great location (low to the ground, lots of people nearby); released somewhere safer that evening","cmcrae","44802","CC-BY-NC","Vespertilionidae","USA","North America"
134217204,"https://www.inaturalist.org/observations/134217204","","Lasiurus","Hairy-tailed Bats","Window collision, 1 WTC awning ","melbreyer","44812","CC-BY-NC","Vespertilionidae",NA,NA
135007127,"https://www.inaturalist.org/observations/135007127","","Lasionycteris noctivagans","Silver-haired Bat","came to life when (safely) boxed","cmcrae","44818","CC-BY-NC","Vespertilionidae","USA","North America"
136107730,"https://www.inaturalist.org/observations/136107730","","Myotis","Mouse-eared Bats","","anjabalog","44781","CC-BY-NC","Vespertilionidae","CAN","North America"
136416424,"https://www.inaturalist.org/observations/136416424","","Lasiurus borealis","Eastern Red Bat","grounded bat--slightly unexpected place for a window collision, 1100 raymond. safely contained, will be brought to a rehabber ","cmcrae","44829","CC-BY-NC","Vespertilionidae","USA","North America"
136491479,"https://www.inaturalist.org/observations/136491479","","Lasiurus borealis","Eastern Red Bat","window collision, PSE&G; taken to rehabber","cmcrae","44806","CC-BY-NC","Vespertilionidae","USA","North America"
136917777,"https://www.inaturalist.org/observations/136917777","","Lasiurus borealis","Eastern Red Bat","window collision; tried to safely contain but she came to life and was able to flap off & up","cmcrae","44833","CC-BY-NC","Vespertilionidae","USA","North America"
137129493,"https://www.inaturalist.org/observations/137129493","","Lasionycteris noctivagans","Silver-haired Bat","Live rescue","aaron_fool","44835","CC-BY-NC","Vespertilionidae","USA","North America"
137518379,"https://www.inaturalist.org/observations/137518379","","Vespertilionidae","Evening Bats","stunned, breathing slowly at seton hall law school; safely contained (thank you peter) and brought to rehabber. very small--silver-haired i think?","cmcrae","44838","CC-BY-NC","Vespertilionidae","USA","North America"
138493264,"https://www.inaturalist.org/observations/138493264","","Lasionycteris noctivagans","Silver-haired Bat","window collision, 3 penn plaza; safely contained, will be brought to rehabber","cmcrae","44846","CC-BY-NC","Vespertilionidae","USA","North America"
138977492,"https://www.inaturalist.org/observations/138977492","","Lasionycteris noctivagans","Silver-haired Bat","Window collision?","melbreyer","44850","CC-BY-NC","Vespertilionidae",NA,NA
139222489,"https://www.inaturalist.org/observations/139222489","","Lasiurus borealis","Eastern Red Bat","Found during Lights Out Dallas survey.","heather_b","44852","CC-BY-NC","Vespertilionidae","USA","North America"
140921003,"https://www.inaturalist.org/observations/140921003","","Lasiurus borealis","Eastern Red Bat","window collision, gateway one; safely contained and taken to bat rehabber","cmcrae","44867","CC-BY-NC","Vespertilionidae","USA","North America"
141458632,"https://www.inaturalist.org/observations/141458632","","Lasiurus borealis","Eastern Red Bat","window collision, safely contained and taken to a clinic","cmcrae","44873","CC-BY-NC","Vespertilionidae","USA","North America"
146494283,"https://www.inaturalist.org/observations/146494283","","Chalinolobus gouldii","Gould's Wattled Bat","Flew into windows. Took and while to recover but later climbed to the top of the brick work and was gone in the morning.","birdwilliams","44939","CC-BY-NC","Vespertilionidae","AUS","Oceania"
150058383,"https://www.inaturalist.org/observations/150058383","","Eptesicus fuscus","Big Brown Bat","Poor little guy. Probably ran into a window.","floofnbangs","44985","CC-BY-NC","Vespertilionidae","USA","North America"
151527155,"https://www.inaturalist.org/observations/151527155","","Molossidae","Free-tailed Bats","On the floor breathing quickly. Then flew away. Not sure it banged on the window and it was recovering.","rcoliveira84","45003","CC-BY","Molossidae","MOZ","Africa"
153436548,"https://www.inaturalist.org/observations/153436548","","Lasiurus borealis","Eastern Red Bat","Bounced lightly again off glass and flew away.","nightcrawler1405","45020","CC-BY-NC","Vespertilionidae","USA","North America"
153562177,"https://www.inaturalist.org/observations/153562177","","Lasiurus borealis","Eastern Red Bat","taking to bat rehabber","cmcrae","45021","CC-BY-NC","Vespertilionidae","USA","North America"
153918893,"https://www.inaturalist.org/observations/153918893","","Lasiurus borealis","Eastern Red Bat","Stunned on ground next to building that it apparently hit.","heather_b","45012","CC-BY-NC","Vespertilionidae","USA","North America"
154267047,"https://www.inaturalist.org/observations/154267047","","Eptesicus fuscus","Big Brown Bat","I heard it hit the window after dark turned on the porch light and took a couple photos and it started crawling to the edge of the porch so I left and turned out the light.  I couldnâ€™t find it in the morning so hopefully it was okay.","jjplantguy","45025","CC-BY-NC","Vespertilionidae","USA","North America"
154637806,"https://www.inaturalist.org/observations/154637806","","Nyctophilus geoffroyi","Lesser Long-eared Bat","Found under glass doors. Relocated and left to recover. Had moved on shortly after. Around 5cm long.","fajasper","45022","CC-BY-NC","Vespertilionidae","AUS","Oceania"
156032948,"https://www.inaturalist.org/observations/156032948","","Lasiurus borealis","Eastern Red Bat","31 degrees snowing bat could have been in torpor on pavement. Was breathing and moving slowly, so moved to white pine tree out of the wind","winature","45038","CC-BY-NC","Vespertilionidae","USA","North America"
158111048,"https://www.inaturalist.org/observations/158111048","","Vespertilionidae","Evening Bats","Building strike (Spire building)","suiterwaal","2023-04-30","CC-BY-NC","Vespertilionidae","USA","North America"
159858193,"https://www.inaturalist.org/observations/159858193","","Lasiurus borealis","Eastern Red Bat","Stunned on ground next to glass. Attempted to capture to take to rehab, but it flew away. ","heather_b","45051","CC-BY-NC","Vespertilionidae","USA","North America"
161787510,"https://www.inaturalist.org/observations/161787510","","Lasiurus borealis","Eastern Red Bat","window collision; the stunned ones that could be picked up after being taken to a rehabber","cmcrae","45061","CC-BY-NC","Vespertilionidae","USA","North America"
163679022,"https://www.inaturalist.org/observations/163679022","","Lasiurus borealis","Eastern Red Bat","By building glass, bumped window and flew away.","nightcrawler1405","45071","CC-BY-NC","Vespertilionidae","USA","North America"
169826276,"https://www.inaturalist.org/observations/169826276","","Lasiurus borealis","Eastern Red Bat","Found him at the base of the large windows. Carefully moved him across the street into some bushes where it should be safer and warmer.","murrdogg","45104","CC-BY-NC","Vespertilionidae","USA","North America"
170199132,"https://www.inaturalist.org/observations/170199132","","Lasiurus borealis","Eastern Red Bat","Small brown bat. Misjudged the glass wall while after a bug and smacked it too hard. Found it balled up on the walk. Gently scooped it up and took it to a leafy, tall bush to recover. 

2 differing options as to which sort of bat this is and I am not qualified to decide. 1. A hairy tail bat. After looking over the variety of markings it is possible. 2 Eastern Red Bat. This one seems more likely because the color markings are more similar but there are inconsistencies.  
I don't know.","gayel","45097","CC-BY-NC","Vespertilionidae","USA","North America"
174071367,"https://www.inaturalist.org/observations/174071367","","Eptesicus fuscus","Big Brown Bat","Window strike victim that recovered after about 30 minutes and flew away.","bobvirag","45120","CC-BY","Vespertilionidae","USA","North America"
174667760,"https://www.inaturalist.org/observations/174667760","","Lasiurus cinereus","Hoary Bat","window collision; safely retrieved","cmcrae","45131","CC-BY-NC","Vespertilionidae","USA","North America"
176040516,"https://www.inaturalist.org/observations/176040516","","Vespertilio murinus","Particoloured Bat","It flew into the window of the second floor of a multi-storey building. Cannot move left wing.","griefz","45134","CC-BY-NC","Vespertilionidae","RUS","Europe"
180262198,"https://www.inaturalist.org/observations/180262198","","Lasiurus borealis","Eastern Red Bat","window collision; safely contained and brought to licensed rehabber","cmcrae","45164","CC-BY-NC","Vespertilionidae","USA","North America"
181121273,"https://www.inaturalist.org/observations/181121273","","Tadarida brasiliensis","Mexican Free-tailed Bat","Hallado ""haciéndose el muerto"" en un pasillo de un liceo, junto a una ventana que da al patio con eucaliptos y anacahuitas.","smantaras","2023-08-31","CC-BY-NC","Molossidae","URY","South America"
182320152,"https://www.inaturalist.org/observations/182320152","","Lasiurus borealis","Eastern Red Bat","Found this poor little guy dead right next to the window at my retail job in Frisco TX.  I was sad that he wasnâ€™t still alive so that he could be taken to a rescue, but rigor mortis had already set in.  I would love to know what kind of bat he or she is!","stolentarts","45177","CC-BY-NC","Vespertilionidae","USA","North America"
188007392,"https://www.inaturalist.org/observations/188007392","","Eptesicus fuscus","Big Brown Bat","100 S Charles, West window collision rescue","birddad","45217","CC-BY-NC","Vespertilionidae","USA","North America"
188656063,"https://www.inaturalist.org/observations/188656063","","Myotis velifer","Cave Myotis","Should have taken a photo. We were helping him move to safety, below a skywalk in downtown Dallas where he seemed stunned but feisty.  ","rmboys","45222","CC-BY-NC","Vespertilionidae","USA","North America"
188877308,"https://www.inaturalist.org/observations/188877308","","Lasiurus borealis","Eastern Red Bat","2 Hopkins, SW corner, collision rescue","birddad","45224","CC-BY-NC","Vespertilionidae","USA","North America"
189032236,"https://www.inaturalist.org/observations/189032236","","Lasionycteris noctivagans","Silver-haired Bat","Found during a Lights Out walk, it was later picked up by a LENSC rehabber","murrdogg","45224","CC-BY-NC","Vespertilionidae","USA","North America"
189833096,"https://www.inaturalist.org/observations/189833096","","Lasiurus borealis","Eastern Red Bat","Baltimore Convention Center, 1 West Pratt St., East side entrance facing S. Charles St.","jtmerryman","45233","CC-BY-NC","Vespertilionidae","USA","North America"
190192506,"https://www.inaturalist.org/observations/190192506","","Lasiurus borealis","Eastern Red Bat","Live rescue front lobby 250 w Pratt","wendyinmd","45236","CC-BY-NC","Vespertilionidae","USA","North America"
191680325,"https://www.inaturalist.org/observations/191680325","","Lasiurus borealis","Eastern Red Bat","Found on the ground beneath a bench.  There were window washer crews that had ascended both the adjacent tower and another building as well that may have spooked it out.  It was only a few degrees below freezing and the bat was not seen on previous searches of the area.","sirrubra","45251","CC-BY-NC","Vespertilionidae","USA","North America"
192927992,"https://www.inaturalist.org/observations/192927992","","Eptesicus fuscus","Big Brown Bat","i think? really small. safely contained, taken to licensed rehabber","cmcrae","45263","CC-BY-NC","Vespertilionidae","USA","North America"
196312737,"https://www.inaturalist.org/observations/196312737","","Lasiurus cinereus","Hoary Bat","Se observó volando cuando aún había sol y se estrelló contra una ventana. Intentó sostenerse de ésta pero no le fue posible y se cayó al suelo.
Se resguardó el individuo y en la noche que se intentó liberar se le encontró muerto.","paula_gabriela","2024-01-04","CC-BY-NC","Vespertilionidae","MEX","North America"
196563502,"https://www.inaturalist.org/observations/196563502","","Eptesicus fuscus","Big Brown Bat","Deceased, completely frozen. Could have been a window strike as the building it was found under having lots of large windows, alternatively could have been sheltering under building and got caught in cold snap. Some snow on body when found, but body was under an awning.","axolotl_42","45304","CC-BY","Vespertilionidae","USA","North America"
197748594,"https://www.inaturalist.org/observations/197748594","","Vespertilioninae","Vesper Bats","Dead bat found on the sidewalk next to the windows of a retail shop. Thought it was a dead leaf at first. Seems like it's been there for a while based on the dessication. 



Small, ~7 cm or so nose to tail.","nick_nv04","45318","CC-BY-NC","Vespertilionidae","USA","North America"
205767595,"https://www.inaturalist.org/observations/205767595","","Vespertilioninae","Vesper Bats","Window collision?
North side of Beering","lydpul","45388","CC-BY-NC","Vespertilionidae","USA","North America"
208360025,"https://www.inaturalist.org/observations/208360025","","Lasionycteris noctivagans","Silver-haired Bat","Found as window collision brought to rehabber","adamiano531","45222","CC-BY-NC","Vespertilionidae","USA","North America"
210916602,"https://www.inaturalist.org/observations/210916602","","Eptesicus","House Bats","Alguien puede identificarlo? No le quería tomar muchas fotos para no estresarlo, se había dado duro contra una ventana pero luego se recuperó bien","darancibia","2024-04-22","CC-BY-NC","Vespertilionidae","COL","South America"
211450011,"https://www.inaturalist.org/observations/211450011","","Lasiurus borealis","Eastern Red Bat","Hopkins plaza","wendyinmd","45411","CC-BY-NC","Vespertilionidae","USA","North America"
214437251,"https://www.inaturalist.org/observations/214437251","","Lasiurus borealis","Eastern Red Bat","","lisa777666","45411","CC-BY-NC","Vespertilionidae","USA","North America"
214439246,"https://www.inaturalist.org/observations/214439246","","Lasiurus borealis","Eastern Red Bat","","lisa777666","45392","CC-BY-NC","Vespertilionidae","USA","North America"
214439889,"https://www.inaturalist.org/observations/214439889","","Lasiurus borealis","Eastern Red Bat","Second Eastern red bat strike in one day","lisa777666","45392","CC-BY-NC","Vespertilionidae","USA","North America"
214440057,"https://www.inaturalist.org/observations/214440057","","Lasiurus borealis","Eastern Red Bat","","lisa777666","45420","CC-BY-NC","Vespertilionidae","USA","North America"
214763499,"https://www.inaturalist.org/observations/214763499","","Lasiurus borealis","Eastern Red Bat","36 S. Charles Streetâ€¦ Southeast corner of the building at Lombard Street","jtmerryman","45422","CC-BY-NC","Vespertilionidae","USA","North America"
216509518,"https://www.inaturalist.org/observations/216509518","","Vespertilionidae","Little Brown Bat","Live rescue. To the left of the Science Center entrance.","jessicalanda","45430","CC-BY-NC","Vespertilionidae","USA","North America"
216886213,"https://www.inaturalist.org/observations/216886213","","Perimyotis subflavus","Tricolored Bat","flew into a window and was dazed on the sidewalk, relocated to a bush","rhacodactylus","45041","CC-BY-NC","Vespertilionidae","USA","North America"
222346609,"https://www.inaturalist.org/observations/222346609","","Lasiurus borealis","Eastern Red Bat","","lisa777666","45427","CC-BY-NC","Vespertilionidae","USA","North America"
225221417,"https://www.inaturalist.org/observations/225221417","","Tadarida brasiliensis","Mexican Free-tailed Bat","Fue encontrado en una oficina y fue trasladado al zoológico de Chapultepec para su rehabilitación, ya que por el golpe con una ventana no podía volar bien ","joaquingarciacampos","2024-06-25","CC-BY-NC","Molossidae","MEX","North America"
225968327,"https://www.inaturalist.org/observations/225968327","","Lasiurus borealis","Eastern Red Bat","Bat. Donâ€™t know what kind but very small. Wren size. Dead, in front of Visit Norfolk, E. Main Street. With no collision.","pescanlon2","45472","CC-BY-NC","Vespertilionidae","USA","North America"
232682209,"https://www.inaturalist.org/observations/232682209","","Eptesicus fuscus","Big Brown Bat","I pulled over because I saw either a Common Nighthawk or Poorwill and was hoping to photo it, but it flew off as soon as I got out of my car. So all I was left with was bats :)

I don't expect to get a confirmation of these due to the lack of detail, but it was fun practicing low light/action shots just the same. And they make for really neat silhouettes :)","jaredmanninen","2024-07-29","CC-BY-NC","Vespertilionidae","USA","North America"
232903359,"https://www.inaturalist.org/observations/232903359","","Myotis evotis","Long-eared Myotis","Flew into the garage and up into the stairwell. Got a decent pic then netted with a butterfly net and brought it down. It disentangled itself quickly and after flying in and out a couple times, flew out the garage door. Motion lights on the front of the garage attract flying insects at night and typically several bats can be observed swooping around. This year seems to be the exception, this is the first bat I've seen although the motion lights have been being set off by something when there are no people, pets or wildlife visible.","heritagepark","2024-07-30","CC-BY-NC","Vespertilionidae","USA","North America"
238570209,"https://www.inaturalist.org/observations/238570209","","Pipistrellus pipistrellus","Common Pipistrelle","Single Common Pipistrelle foraging above low-level down-lighting on Lifton Place.

On bat walk walking to St. George's Transect.

Survey started: 2005 (sunset)
Survey finished: 2141
Observation time: 2034

Weather: Warm
Damp (rainfall earlier in evening)
Mild with occasional light breeze (3-4 beaufort).
Floodlit space from surrounding buildings, low-level down-lighting impacting very low level activity, but foraging in tree line (above lights).


Identified by group led by West Yorkshire Bat Group representative using detectors and visual identification.
","leedsbiodiversity","2024-08-28","CC-BY-NC","Vespertilionidae","GBR","Europe"
239105471,"https://www.inaturalist.org/observations/239105471","","Vespertilionoidea","Vespertilionoid Bats","The bats started streaming out of the roost around 7:59pm (18 minutes after sunset) and continued through 8:06pm (they paused their take-off for a few minutes when a human apartment tenant came out onto the balcony and turned on a light).  We counted about 30 of them streaming out in total.

This is my attempt to take photos of them with an SLR camera.  They fly pretty fast; I was surprised to get anything in the frame.","bungelina","2024-08-31","CC-BY","","USA","North America"
240954529,"https://www.inaturalist.org/observations/240954529","","Lasionycteris noctivagans","Silver-haired Bat","Donâ€™t know why it was grounded. Window or building collision but a rehabber moved it onto a shirt where it was able to get vertical and it took off. Found at front entrance to Chrysler Hall, downtown Norfolk.","pescanlon2","45545","CC-BY-NC","Vespertilionidae","USA","North America"
241277927,"https://www.inaturalist.org/observations/241277927","","Lasiurus","Red Bats","May have hit large, nearby windows.","blissfulbufo","45538","CC-BY","Vespertilionidae","USA","North America"
241846391,"https://www.inaturalist.org/observations/241846391","","Lasiurus borealis","Eastern Red Bat","Pratt Street Pavilion, South side","kristen_a","45550","CC-BY-NC","Vespertilionidae","USA","North America"
242889017,"https://www.inaturalist.org/observations/242889017","","Eptesicus fuscus","Big Brown Bat","Rain must have grounded it. Properly handled and a colleague took it to a wildlife rehab center.","justin734","45555","CC-BY-NC","Vespertilionidae","CAN","North America"
242890981,"https://www.inaturalist.org/observations/242890981","","Lasionycteris noctivagans","Silver-haired Bat","Must have been grounded by the rain. Properly handled and a colleague delivered it to the wildlife rehab center.","justin734","45555","CC-BY-NC","Vespertilionidae","CAN","North America"
243075694,"https://www.inaturalist.org/observations/243075694","","Eptesicus","House Bats","","winature","45556","CC-BY-NC","Vespertilionidae","USA","North America"
244162451,"https://www.inaturalist.org/observations/244162451","","Lasionycteris noctivagans","Silver-haired Bat","","roachbait","2024-09-26","CC-BY-NC","Vespertilionidae","USA","North America"
244273831,"https://www.inaturalist.org/observations/244273831","","Lasiurus borealis","Eastern Red Bat","101 W Lombard, NE doors, window collision rescue","birddad","45562","CC-BY-NC","Vespertilionidae","USA","North America"
244512698,"https://www.inaturalist.org/observations/244512698","","Lasionycteris noctivagans","Silver-haired Bat","Properly handled and a colleague took it to the wildlife rehab center.","justin734","45563","CC-BY-NC","Vespertilionidae","CAN","North America"
245430724,"https://www.inaturalist.org/observations/245430724","","Lasionycteris noctivagans","Silver-haired Bat","","roachbait","2024-10-03","CC-BY-NC","Vespertilionidae","USA","North America"
245460617,"https://www.inaturalist.org/observations/245460617","","Nycticeius humeralis","Evening Bat","Unsure if live or dead and unfortunately I had nothing on me to pick it up or relocate it. I assume grounded from a window collision, against the windows of the River House Restaurant of the Bridgestone Tower.","brsp2","45568","CC-BY-NC","Vespertilionidae","USA","North America"
246187750,"https://www.inaturalist.org/observations/246187750","","Lasionycteris noctivagans","Silver-haired Bat","Found on the ground at the base of a tall (7 floor) building, not far from the window","pthendricks","45572","CC-BY-NC","Vespertilionidae","USA","North America"
246200437,"https://www.inaturalist.org/observations/246200437","","Lasiurus borealis","Eastern Red Bat","","sethvw","2024-10-07","CC-BY-NC","Vespertilionidae","USA","North America"
246605689,"https://www.inaturalist.org/observations/246605689","","Lasiurus borealis","Eastern Red Bat","Bat window collision science center rescue","jamieshipe","45575","CC-BY-NC","Vespertilionidae","USA","North America"
247485034,"https://www.inaturalist.org/observations/247485034","","Lasiurus borealis","Eastern Red Bat","Live rescue. Convention Center Charles St lobby windows.","jessicalanda","45580","CC-BY-NC","Vespertilionidae","USA","North America"
248055273,"https://www.inaturalist.org/observations/248055273","","Lasionycteris noctivagans","Silver-haired Bat","(handled safely, without any contact; taken to licensed bat rehabber)","cmcrae","45584","CC-BY-NC","Vespertilionidae","USA","North America"
251189940,"https://www.inaturalist.org/observations/251189940","","Lasiurus borealis","Eastern Red Bat","Window collision at Gather 500 East Main St. The bat was taken to Rehab","pescanlon2","45606","CC-BY-NC","Vespertilionidae","USA","North America"
251352272,"https://www.inaturalist.org/observations/251352272","rehabber confirmed """"possible window strike""""","Eptesicus fuscus","Big Brown Bat","On sidewalk no attempt to move or fly for 24+ hours. Was taken to licensed rehabber who confirmed it is a bbb and possible window strike.","asoulunbound","45604","CC-BY-NC","Vespertilionidae","USA","North America"
252183775,"https://www.inaturalist.org/observations/252183775","wet bat on grate; location suggests window strike","Vespertilionidae","Evening Bats","","aegolius99","45614","CC-BY-NC","Vespertilionidae","CAN","North America"
260110037,"https://www.inaturalist.org/observations/260110037","","Lasionycteris noctivagans","Silver-haired Bat","Found near the dorms, poor guy probably flew into one of the windows :(. It was responsive enough to grab a stick so we could move it but I think it was close to death :( ","issrasy","45687","CC-BY-NC","Vespertilionidae","CAN","North America"
266742529,"https://www.inaturalist.org/observations/266742529","","Nyctophilus gouldi","Gould's Long-eared Bat","Gouldii, Micro bat, had flown into a window, taken for vet assessment,  time in care, released at rescue site.","annotate","44979","CC-BY-NC","Vespertilionidae","AUS","Oceania"
267947671,"https://www.inaturalist.org/observations/267947671","","Lasiurus borealis","Eastern Red Bat","Dead. Window collision at 500 E. Main st. Gather building back side. The 4th bay we’ve found there","pescanlon2","2025-03-31","CC-BY-NC","Vespertilionidae","USA","North America"
268405412,"https://www.inaturalist.org/observations/268405412","","Tadarida brasiliensis","Mexican Free-tailed Bat","","skyler_nix","45749","CC-BY-NC","Molossidae","USA","North America"
268405635,"https://www.inaturalist.org/observations/268405635","","Tadarida brasiliensis","Mexican Free-tailed Bat","Decomposing","skyler_nix","45749","CC-BY-NC","Molossidae","USA","North America"
268930036,"https://www.inaturalist.org/observations/268930036","","Lasionycteris noctivagans","Silver-haired Bat","Icon plaza. Exhausted? Able to fly but hit another window when it took off. Couldnâ€™t reach it on ledge.","pescanlon2","45753","CC-BY-NC","Vespertilionidae","USA","North America"
272967932,"https://www.inaturalist.org/observations/272967932","","Lasiurus borealis","Eastern Red Bat","S side of 2 Hopkins, window collision rescue","birddad","45772","CC-BY-NC","Vespertilionidae","USA","North America"
272977049,"https://www.inaturalist.org/observations/272977049","","Lasiurus borealis","Eastern Red Bat","100 E Pratt, W side, window collision rescue","birddad","45772","CC-BY-NC","Vespertilionidae","USA","North America"
277018443,"https://www.inaturalist.org/observations/277018443","","Lasiurus borealis","Eastern Red Bat","Window collision, Gather, 500 E. Main St., flew off but kept hitting more windows, last seen on roof over Townebank door","pescanlon2","45777","CC-BY-NC","Vespertilionidae","USA","North America"
278882322,"https://www.inaturalist.org/observations/278882322","","Lasiurus borealis","Eastern Red Bat","","mbartn13","2025-05-05","CC-BY-NC","Vespertilionidae","USA","North America"
281749987,"https://www.inaturalist.org/observations/281749987","","Lasiurus borealis","Eastern Red Bat","was able to flap off while I was rummaging around for a work glove","cmcrae","45794","CC-BY-NC","Vespertilionidae","USA","North America"
283924697,"https://www.inaturalist.org/observations/283924697","","Lasiurus borealis","Eastern Red Bat","retrieved without contact, taken to licensed rehabilitator","cmcrae","45802","CC-BY-NC","Vespertilionidae","USA","North America"
284625435,"https://www.inaturalist.org/observations/284625435","","Lasiurus borealis","Eastern Red Bat","Window collision stunned, but released ","pescanlon2","2025-05-27","CC-BY-NC","Vespertilionidae","USA","North America"
288762399,"https://www.inaturalist.org/observations/288762399","","Vespertilionidae","Evening Bats","deceased, likely window collision","barca_h","2025-06-09","CC-BY-NC","Vespertilionidae","USA","North America"
291738919,"https://www.inaturalist.org/observations/291738919","","Lasiurus borealis","Eastern Red Bat","","cmcrae","2025-06-22","CC-BY-NC","Vespertilionidae","USA","North America"
294605696,"https://www.inaturalist.org/observations/294605696","","Lasiurus borealis","Eastern Red Bat","","lisa777666","2025-05-26","CC-BY-NC","Vespertilionidae","USA","North America"
294606089,"https://www.inaturalist.org/observations/294606089","","Lasiurus borealis","Eastern Red Bat","","lisa777666","2025-05-28","CC-BY-NC","Vespertilionidae","USA","North America"
294607252,"https://www.inaturalist.org/observations/294607252","","Lasiurus borealis","Eastern Red Bat","","lisa777666","2025-03-31","CC-BY-NC","Vespertilionidae","USA","North America"
12001178,"https://www.inaturalist.org/observations/12001178","founds on ""lights out"" route, at base of building. Carcass age guess at 2-7 days. All rights reserved license",NA,NA,NA,NA,NA,NA,"Vespertilionidae","USA","North America"
31394800,"https://www.inaturalist.org/observations/31394800","All rights reserved license",NA,NA,NA,NA,NA,NA,"Vespertilionidae","USA","North America"
31394813,"https://www.inaturalist.org/observations/31394813","Clinging to building side. All rights reserved license",NA,NA,NA,NA,NA,NA,"Vespertilionidae","USA","North America"
31907704,"https://www.inaturalist.org/observations/31907704","All rights reserved license",NA,NA,NA,NA,NA,NA,"Vespertilionidae","USA","North America"
34495029,"https://www.inaturalist.org/observations/34495029","All rights reserved license",NA,NA,NA,NA,NA,NA,"Vespertilionidae","USA","North America"
41703508,"https://www.inaturalist.org/observations/41703508","All rights reserved license",NA,NA,NA,NA,NA,NA,"Vespertilionidae","USA","North America"
56488687,"https://www.inaturalist.org/observations/56488687","All rights reserved license",NA,NA,NA,NA,NA,NA,"Vespertilionidae","USA","North America"
58257580,"https://www.inaturalist.org/observations/58257580","All rights reserved license",NA,NA,NA,NA,NA,NA,"Vespertilionidae","USA","North America"
59698595,"https://www.inaturalist.org/observations/59698595","grounded red bat on pavement of oceanside condo. Plausible based on location. Individual flew off when approached. All rights reserved license",NA,NA,NA,NA,NA,NA,"Vespertilionidae","USA","North America"
59838429,"https://www.inaturalist.org/observations/59838429","All rights reserved license",NA,NA,NA,NA,NA,NA,"Vespertilionidae","USA","North America"
60463112,"https://www.inaturalist.org/observations/60463112","All rights reserved license",NA,NA,NA,NA,NA,NA,"Vespertilionidae","USA","North America"
74142308,"https://www.inaturalist.org/observations/74142308","All rights reserved license",NA,NA,NA,NA,NA,NA,"Vespertilionidae","USA","North America"
75026364,"https://www.inaturalist.org/observations/75026364","All rights reserved license",NA,NA,NA,NA,NA,NA,"Vespertilionidae","USA","North America"
77245237,"https://www.inaturalist.org/observations/77245237","All rights reserved license",NA,NA,NA,NA,NA,NA,"Vespertilionidae","USA","North America"
95847679,"https://www.inaturalist.org/observations/95847679","All rights reserved license",NA,NA,NA,NA,NA,NA,"Vespertilionidae","USA","North America"
96998245,"https://www.inaturalist.org/observations/96998245","Ambigious due to broad location. All rights reserved license",NA,NA,NA,NA,NA,NA,"Vespertilionidae","USA","North America"
98031412,"https://www.inaturalist.org/observations/98031412","All rights reserved license",NA,NA,NA,NA,NA,NA,"Vespertilionidae","USA","North America"
98967454,"https://www.inaturalist.org/observations/98967454","All rights reserved license",NA,NA,NA,NA,NA,NA,"","USA","North America"
99554525,"https://www.inaturalist.org/observations/99554525","All rights reserved license",NA,NA,NA,NA,NA,NA,"Vespertilionidae","USA","North America"
99815079,"https://www.inaturalist.org/observations/99815079","lying on windowsill, strike heard; flew away unobserved later. All rights reserved license",NA,NA,NA,NA,NA,NA,"Vespertilionidae","PRT","Europe"
133703699,"https://www.inaturalist.org/observations/133703699","All rights reserved license",NA,NA,NA,NA,NA,NA,"Vespertilionidae","USA","North America"
137547305,"https://www.inaturalist.org/observations/137547305","All rights reserved license",NA,NA,NA,NA,NA,NA,"Vespertilionidae","USA","North America"
137966718,"https://www.inaturalist.org/observations/137966718","All rights reserved license",NA,NA,NA,NA,NA,NA,"Vespertilionidae","USA","North America"
138332593,"https://www.inaturalist.org/observations/138332593","All rights reserved license",NA,NA,NA,NA,NA,NA,"Vespertilionidae","USA","North America"
138849171,"https://www.inaturalist.org/observations/138849171","All rights reserved license",NA,NA,NA,NA,NA,NA,"Vespertilionidae","USA","North America"
159631800,"https://www.inaturalist.org/observations/159631800","All rights reserved license",NA,NA,NA,NA,NA,NA,"Vespertilionidae","USA","North America"
160578005,"https://www.inaturalist.org/observations/160578005","All rights reserved license",NA,NA,NA,NA,NA,NA,"Vespertilionidae","USA","North America"
163602118,"https://www.inaturalist.org/observations/163602118","All rights reserved license",NA,NA,NA,NA,NA,NA,"Vespertilionidae",NA,NA
164951878,"https://www.inaturalist.org/observations/164951878","All rights reserved license",NA,NA,NA,NA,NA,NA,"Vespertilionidae","USA","North America"
168994269,"https://www.inaturalist.org/observations/168994269","All rights reserved license",NA,NA,NA,NA,NA,NA,"Vespertilionidae","USA","North America"
181381768,"https://www.inaturalist.org/observations/181381768","All rights reserved license",NA,NA,NA,NA,NA,NA,"Vespertilionidae","USA","North America"
181932734,"https://www.inaturalist.org/observations/181932734","All rights reserved license",NA,NA,NA,NA,NA,NA,"Vespertilionidae","USA","North America"
186344989,"https://www.inaturalist.org/observations/186344989","All rights reserved license",NA,NA,NA,NA,NA,NA,"Vespertilionidae","USA","North America"
187015624,"https://www.inaturalist.org/observations/187015624","Grounded silver-haired, location appears next to tall building. Choosing to retain.. All rights reserved license",NA,NA,NA,NA,NA,NA,"Vespertilionidae","USA","North America"
188907910,"https://www.inaturalist.org/observations/188907910","All rights reserved license",NA,NA,NA,NA,NA,NA,"Vespertilionidae","USA","North America"
189458565,"https://www.inaturalist.org/observations/189458565","All rights reserved license",NA,NA,NA,NA,NA,NA,"Vespertilionidae","USA","North America"
202306087,"https://www.inaturalist.org/observations/202306087","All rights reserved license",NA,NA,NA,NA,NA,NA,"Vespertilionidae","USA","North America"
207271375,"https://www.inaturalist.org/observations/207271375","All rights reserved license",NA,NA,NA,NA,NA,NA,"Vespertilionidae","USA","North America"
211441977,"https://www.inaturalist.org/observations/211441977","All rights reserved license",NA,NA,NA,NA,NA,NA,"Vespertilionidae","USA","North America"
221544560,"https://www.inaturalist.org/observations/221544560","Report of bat repeatedly knocking against window. All rights reserved license",NA,NA,NA,NA,NA,NA,"","NZL","Oceania"
223180348,"https://www.inaturalist.org/observations/223180348","All rights reserved license",NA,NA,NA,NA,NA,NA,"Vespertilionidae","CAN","North America"
228477522,"https://www.inaturalist.org/observations/228477522","All rights reserved license",NA,NA,NA,NA,NA,NA,"Vespertilionidae","GBR","Europe"
231060716,"https://www.inaturalist.org/observations/231060716","found on windowsill. All rights reserved license",NA,NA,NA,NA,NA,NA,"Vespertilionidae","PRT","Europe"
237348714,"https://www.inaturalist.org/observations/237348714","All rights reserved license",NA,NA,NA,NA,NA,NA,"Vespertilionidae","CAN","North America"
237348810,"https://www.inaturalist.org/observations/237348810","All rights reserved license",NA,NA,NA,NA,NA,NA,"Vespertilionidae","CAN","North America"
241726435,"https://www.inaturalist.org/observations/241726435","All rights reserved license",NA,NA,NA,NA,NA,NA,"Vespertilionidae","CAN","North America"
243586931,"https://www.inaturalist.org/observations/243586931","All rights reserved license",NA,NA,NA,NA,NA,NA,"Vespertilionidae","USA","North America"
243856118,"https://www.inaturalist.org/observations/243856118","All rights reserved license",NA,NA,NA,NA,NA,NA,"Vespertilionidae","USA","North America"
245569837,"https://www.inaturalist.org/observations/245569837","All rights reserved license",NA,NA,NA,NA,NA,NA,"Molossidae","USA","North America"
246306828,"https://www.inaturalist.org/observations/246306828","All rights reserved license",NA,NA,NA,NA,NA,NA,"Vespertilionidae","USA","North America"
246313964,"https://www.inaturalist.org/observations/246313964","All rights reserved license",NA,NA,NA,NA,NA,NA,"Vespertilionidae","USA","North America"
246314500,"https://www.inaturalist.org/observations/246314500","All rights reserved license",NA,NA,NA,NA,NA,NA,"Vespertilionidae","USA","North America"
247568631,"https://www.inaturalist.org/observations/247568631","All rights reserved license",NA,NA,NA,NA,NA,NA,"Vespertilionidae","CAN","North America"
248442598,"https://www.inaturalist.org/observations/248442598","All rights reserved license",NA,NA,NA,NA,NA,NA,"Vespertilionidae","USA","North America"
255699848,"https://www.inaturalist.org/observations/255699848","All rights reserved license",NA,NA,NA,NA,NA,NA,"Vespertilionidae","CAN","North America"
261925907,"https://www.inaturalist.org/observations/261925907","All rights reserved license",NA,NA,NA,NA,NA,NA,"Vespertilionidae","USA","North America"
261926011,"https://www.inaturalist.org/observations/261926011","All rights reserved license",NA,NA,NA,NA,NA,NA,"Vespertilionidae","USA","North America"
264944734,"https://www.inaturalist.org/observations/264944734","All rights reserved license",NA,NA,NA,NA,NA,NA,"Vespertilionidae","USA","North America"
271002188,"https://www.inaturalist.org/observations/271002188","All rights reserved license",NA,NA,NA,NA,NA,NA,"Vespertilionidae","USA","North America"
278533552,"https://www.inaturalist.org/observations/278533552","All rights reserved license",NA,NA,NA,NA,NA,NA,"Vespertilionidae","CAN","North America"
278534388,"https://www.inaturalist.org/observations/278534388","All rights reserved license",NA,NA,NA,NA,NA,NA,"Vespertilionidae","CAN","North America"
278963806,"https://www.inaturalist.org/observations/278963806","All rights reserved license",NA,NA,NA,NA,NA,NA,"Vespertilionidae","USA","North America"
280757653,"https://www.inaturalist.org/observations/280757653","All rights reserved license",NA,NA,NA,NA,NA,NA,"Vespertilionidae","USA","North America"
286592984,"https://www.inaturalist.org/observations/286592984","All rights reserved license",NA,NA,NA,NA,NA,NA,"Vespertilionidae","USA","North America"
